Threshold, ,   ,      ,Baseline Approach,           , ,      ,Disj 10  ,          , ,      ,Disj 15  ,          , ,      ,Disj 30  ,          , ,      ,Disj 10 w/ Sample Data,          , ,      ,Disj 15 w/ Sample Data,          , ,      ,Disj 30 w/ Sample Data,          
         , ,Folds,Recall,Precision        ,Specificity, ,Recall,Precision,Specificty, ,Recall,Precision,Specificty, ,Recall,Precision,Specificty, ,Recall,Precision             ,Specificty, ,Recall,Precision             ,Specificty, ,Recall,Precision             ,Specificty
1.4, ,1,1.0,1.0,-1.0, ,0.0,-1.0,-1.0, ,1.0,1.0,-1.0, ,1.0,1.0,-1.0, ,0.0,-1.0,-1.0, ,1.0,1.0,-1.0, ,1.0,1.0,-1.0
1.4, ,2,0.0,-1.0,-1.0, ,1.0,1.0,-1.0, ,1.0,1.0,-1.0, ,1.0,1.0,-1.0, ,1.0,1.0,-1.0, ,0.0,-1.0,-1.0, ,1.0,1.0,-1.0
1.4, ,3,1.0,1.0,-1.0, ,1.0,1.0,-1.0, ,1.0,1.0,-1.0, ,1.0,1.0,-1.0, ,1.0,1.0,-1.0, ,1.0,1.0,-1.0, ,1.0,1.0,-1.0
1.4, ,4,1.0,1.0,-1.0, ,0.0,-1.0,-1.0, ,1.0,1.0,-1.0, ,1.0,1.0,-1.0, ,0.0,-1.0,-1.0, ,0.0,-1.0,-1.0, ,1.0,1.0,-1.0
1.4, ,5,0.0,-1.0,-1.0, ,1.0,1.0,-1.0, ,1.0,1.0,-1.0, ,1.0,1.0,-1.0, ,1.0,1.0,-1.0, ,1.0,1.0,-1.0, ,1.0,1.0,-1.0
Average:            , , ,-0.13,-0.01,-0.25, ,0.78,0.527027027027027,0.3, ,0.96,0.5853658536585366,0.32, ,0.94,0.5802469135802469,0.32, ,0.56,0.4745762711864407,0.38, ,0.56,0.56,0.56, ,0.56,0.6363636363636364,0.68
Standard Deviation: , , ,0.9236341266973628,0.8659676668328904,0.82915619758885, ,0.41424630354415953,0.4992690054570585,0.45825756949558394, ,0.19595917942265426,0.49265877748107695,0.466476151587624, ,0.23748684174075835,0.49351842200757245,0.466476151587624, ,0.4963869458396343,0.49935321568326224,0.4853864439804639, ,0.4963869458396342,0.4963869458396342,0.4963869458396342, ,0.4963869458396342,0.4810456929208347,0.466476151587624
-,-,-,-,-,-,-,-,-,-,-,-,-,-,-,-,-,-,-,-,-,-
