Threshold, ,   ,      ,Baseline Approach,           , ,      ,Disj 10  ,          , ,      ,Disj 15  ,          , ,      ,Disj 30  ,          , ,      ,Disj 10 w/ Sample Data,          , ,      ,Disj 15 w/ Sample Data,          , ,      ,Disj 30 w/ Sample Data,          
         , ,Folds,Recall,Precision        ,Specificity, ,Recall,Precision,Specificty, ,Recall,Precision,Specificty, ,Recall,Precision,Specificty, ,Recall,Precision             ,Specificty, ,Recall,Precision             ,Specificty, ,Recall,Precision             ,Specificty
1.4, ,1,0.0,-1.0,-1.0, ,1.0,1.0,-1.0, ,1.0,1.0,-1.0, ,0.0,-1.0,-1.0, ,1.0,1.0,-1.0, ,1.0,1.0,-1.0, ,1.0,1.0,-1.0
1.4, ,2,0.0,-1.0,-1.0, ,0.0,-1.0,-1.0, ,0.0,-1.0,-1.0, ,0.0,-1.0,-1.0, ,0.0,-1.0,-1.0, ,0.0,-1.0,-1.0, ,0.0,-1.0,-1.0
1.4, ,3,1.0,1.0,-1.0, ,1.0,1.0,-1.0, ,1.0,1.0,-1.0, ,1.0,1.0,-1.0, ,1.0,1.0,-1.0, ,1.0,1.0,-1.0, ,1.0,1.0,-1.0
1.4, ,4,1.0,1.0,-1.0, ,1.0,1.0,-1.0, ,1.0,1.0,-1.0, ,1.0,1.0,-1.0, ,1.0,1.0,-1.0, ,1.0,1.0,-1.0, ,1.0,1.0,-1.0
1.4, ,5,0.0,-1.0,-1.0, ,1.0,1.0,-1.0, ,1.0,1.0,-1.0, ,0.0,-1.0,-1.0, ,0.0,-1.0,-1.0, ,0.0,-1.0,-1.0, ,0.0,-1.0,-1.0
Average:            , , ,-0.23,-0.2,-0.26, ,0.5,0.5102040816326531,0.52, ,0.8,0.5555555555555556,0.36, ,0.56,0.6829268292682927,0.74, ,0.54,0.5625,0.58, ,0.48,0.5217391304347826,0.56, ,0.62,0.6326530612244898,0.64
Standard Deviation: , , ,0.8468175718535841,0.8366600265340757,0.82, ,0.5,0.499895865874118,0.49959983987187184, ,0.4,0.4969039949999533,0.48, ,0.4963869458396343,0.46533619581314417,0.4386342439892262, ,0.49839743177508455,0.49607837082461076,0.4935585071701226, ,0.49959983987187184,0.49952718665548085,0.4963869458396342, ,0.4853864439804639,0.482082114735417,0.48
-,-,-,-,-,-,-,-,-,-,-,-,-,-,-,-,-,-,-,-,-,-
