Threshold, ,   ,      ,Baseline Approach,           , ,      ,Disj 10  ,          , ,      ,Disj 15  ,          , ,      ,Disj 30  ,          , ,      ,Disj 10 w/ Sample Data,          , ,      ,Disj 15 w/ Sample Data,          , ,      ,Disj 30 w/ Sample Data,          
         , ,Folds,Recall,Precision        ,Specificity, ,Recall,Precision,Specificty, ,Recall,Precision,Specificty, ,Recall,Precision,Specificty, ,Recall,Precision             ,Specificty, ,Recall,Precision             ,Specificty, ,Recall,Precision             ,Specificty
0.6, ,1,0.0,-1.0,-1.0, ,0.0,-1.0,-1.0, ,0.0,-1.0,-1.0, ,1.0,1.0,-1.0, ,1.0,1.0,-1.0, ,0.0,-1.0,-1.0, ,1.0,1.0,-1.0
0.6, ,2,0.0,-1.0,-1.0, ,1.0,1.0,-1.0, ,1.0,1.0,-1.0, ,1.0,1.0,-1.0, ,1.0,1.0,-1.0, ,1.0,1.0,-1.0, ,0.0,-1.0,-1.0
0.6, ,3,0.0,-1.0,-1.0, ,1.0,1.0,-1.0, ,1.0,1.0,-1.0, ,1.0,1.0,-1.0, ,1.0,1.0,-1.0, ,0.0,-1.0,-1.0, ,0.0,-1.0,-1.0
0.6, ,4,0.0,-1.0,-1.0, ,0.0,-1.0,-1.0, ,0.0,-1.0,-1.0, ,1.0,1.0,-1.0, ,1.0,1.0,-1.0, ,0.0,-1.0,-1.0, ,0.0,-1.0,-1.0
0.6, ,5,0.0,-1.0,-1.0, ,0.0,-1.0,-1.0, ,1.0,1.0,-1.0, ,1.0,1.0,-1.0, ,1.0,1.0,-1.0, ,0.0,-1.0,-1.0, ,0.0,-1.0,-1.0
Average:            , , ,-0.44,-0.46,-0.42, ,0.58,0.5,0.42, ,0.5,0.45454545454545453,0.4, ,0.82,0.640625,0.54, ,0.84,0.4666666666666667,0.04, ,0.16,0.2962962962962963,0.62, ,0.36,0.5,0.64
Standard Deviation: , , ,0.6053098380168623,0.6069596362197405,0.6352952069707437, ,0.4935585071701226,0.5,0.4935585071701226, ,0.5,0.49792959773196904,0.4898979485566356, ,0.38418745424597095,0.47981726664950275,0.49839743177508455, ,0.36660605559646725,0.4988876515698588,0.19595917942265428, ,0.36660605559646714,0.4566232594791834,0.4853864439804639, ,0.48,0.5,0.48
-,-,-,-,-,-,-,-,-,-,-,-,-,-,-,-,-,-,-,-,-,-
