Threshold, ,   ,      ,Baseline Approach,           , ,      ,Disj 10  ,          , ,      ,Disj 15  ,          , ,      ,Disj 30  ,          , ,      ,Disj 10 w/ Sample Data,          , ,      ,Disj 15 w/ Sample Data,          , ,      ,Disj 30 w/ Sample Data,          
         , ,Folds,Recall,Precision        ,Specificity, ,Recall,Precision,Specificty, ,Recall,Precision,Specificty, ,Recall,Precision,Specificty, ,Recall,Precision             ,Specificty, ,Recall,Precision             ,Specificty, ,Recall,Precision             ,Specificty
1.0, ,1,0.0,-1.0,-1.0, ,1.0,1.0,-1.0, ,0.0,-1.0,-1.0, ,1.0,1.0,-1.0, ,0.0,-1.0,-1.0, ,1.0,1.0,-1.0, ,1.0,1.0,-1.0
1.0, ,2,1.0,1.0,-1.0, ,1.0,1.0,-1.0, ,1.0,1.0,-1.0, ,1.0,1.0,-1.0, ,0.0,-1.0,-1.0, ,0.0,-1.0,-1.0, ,0.0,-1.0,-1.0
1.0, ,3,0.0,-1.0,-1.0, ,0.0,-1.0,-1.0, ,0.0,-1.0,-1.0, ,0.0,-1.0,-1.0, ,0.0,-1.0,-1.0, ,1.0,1.0,-1.0, ,1.0,1.0,-1.0
1.0, ,4,1.0,1.0,-1.0, ,1.0,1.0,-1.0, ,1.0,1.0,-1.0, ,1.0,1.0,-1.0, ,0.0,-1.0,-1.0, ,0.0,-1.0,-1.0, ,0.0,-1.0,-1.0
1.0, ,5,0.0,-1.0,-1.0, ,0.0,-1.0,-1.0, ,1.0,1.0,-1.0, ,1.0,1.0,-1.0, ,0.0,-1.0,-1.0, ,1.0,1.0,-1.0, ,1.0,1.0,-1.0
Average:            , , ,-0.43,-0.44,-0.42, ,0.44,0.43137254901960786,0.42, ,0.5,0.4716981132075472,0.44, ,0.5,0.5102040816326531,0.52, ,0.0,0.0,0.76, ,0.26,0.2826086956521739,0.34, ,0.3,0.3488372093023256,0.44
Standard Deviation: , , ,0.6205642593640082,0.6216108107168022,0.6352952069707437, ,0.4963869458396343,0.4952678800123564,0.4935585071701226, ,0.5,0.4991983605782246,0.4963869458396343, ,0.5,0.499895865874118,0.49959983987187184, ,0.0,0.0,0.4270831300812525, ,0.4386342439892262,0.45026772124365166,0.4737087712930804, ,0.458257569495584,0.4766023612074232,0.4963869458396343
-,-,-,-,-,-,-,-,-,-,-,-,-,-,-,-,-,-,-,-,-,-
