Threshold, ,   ,      ,Baseline Approach,           , ,      ,Disj 10  ,          , ,      ,Disj 15  ,          , ,      ,Disj 30  ,          , ,      ,Disj 10 w/ Sample Data,          , ,      ,Disj 15 w/ Sample Data,          , ,      ,Disj 30 w/ Sample Data,          
         , ,Folds,Recall,Precision        ,Specificity, ,Recall,Precision,Specificty, ,Recall,Precision,Specificty, ,Recall,Precision,Specificty, ,Recall,Precision             ,Specificty, ,Recall,Precision             ,Specificty, ,Recall,Precision             ,Specificty
1.4, ,1,0.0,-1.0,-1.0, ,0.0,-1.0,-1.0, ,0.0,-1.0,-1.0, ,0.0,-1.0,-1.0, ,0.0,-1.0,-1.0, ,0.0,-1.0,-1.0, ,0.0,-1.0,-1.0
1.4, ,2,0.0,-1.0,-1.0, ,0.0,-1.0,-1.0, ,0.0,-1.0,-1.0, ,0.0,-1.0,-1.0, ,1.0,1.0,-1.0, ,0.0,-1.0,-1.0, ,1.0,1.0,-1.0
1.4, ,3,1.0,1.0,-1.0, ,1.0,1.0,-1.0, ,1.0,1.0,-1.0, ,1.0,1.0,-1.0, ,1.0,1.0,-1.0, ,1.0,1.0,-1.0, ,1.0,1.0,-1.0
1.4, ,4,1.0,1.0,-1.0, ,1.0,1.0,-1.0, ,0.0,-1.0,-1.0, ,1.0,1.0,-1.0, ,1.0,1.0,-1.0, ,1.0,1.0,-1.0, ,1.0,1.0,-1.0
1.4, ,5,0.0,-1.0,-1.0, ,0.0,-1.0,-1.0, ,1.0,1.0,-1.0, ,0.0,-1.0,-1.0, ,0.0,-1.0,-1.0, ,0.0,-1.0,-1.0, ,0.0,-1.0,-1.0
Average:            , , ,-0.21,-0.21,-0.21, ,0.62,0.5636363636363636,0.52, ,0.32,0.36363636363636365,0.44, ,0.5,0.5102040816326531,0.52, ,0.62,0.6458333333333334,0.66, ,0.54,0.5625,0.58, ,0.62,0.62,0.62
Standard Deviation: , , ,0.8636550237218562,0.8636550237218562,0.8636550237218563, ,0.4853864439804639,0.49593387989039467,0.4995998398718719, ,0.466476151587624,0.4810456929208346,0.4963869458396343, ,0.5,0.499895865874118,0.49959983987187184, ,0.4853864439804639,0.4782600118020415,0.4737087712930805, ,0.49839743177508455,0.49607837082461076,0.4935585071701226, ,0.4853864439804639,0.4853864439804639,0.4853864439804639
-,-,-,-,-,-,-,-,-,-,-,-,-,-,-,-,-,-,-,-,-,-
