Threshold, ,   ,      ,Baseline Approach,           , ,      ,Disj 10  ,          , ,      ,Disj 15  ,          , ,      ,Disj 30  ,          , ,      ,Disj 10 w/ Sample Data,          , ,      ,Disj 15 w/ Sample Data,          , ,      ,Disj 30 w/ Sample Data,          
         , ,Folds,Recall,Precision        ,Specificity, ,Recall,Precision,Specificty, ,Recall,Precision,Specificty, ,Recall,Precision,Specificty, ,Recall,Precision             ,Specificty, ,Recall,Precision             ,Specificty, ,Recall,Precision             ,Specificty
1.4, ,1,0.0,-1.0,-1.0, ,1.0,1.0,-1.0, ,1.0,1.0,-1.0, ,1.0,1.0,-1.0, ,0.0,-1.0,-1.0, ,1.0,1.0,-1.0, ,1.0,1.0,-1.0
1.4, ,2,0.0,-1.0,-1.0, ,0.0,-1.0,-1.0, ,0.0,-1.0,-1.0, ,0.0,-1.0,-1.0, ,1.0,1.0,-1.0, ,0.0,-1.0,-1.0, ,0.0,-1.0,-1.0
1.4, ,3,1.0,1.0,-1.0, ,1.0,1.0,-1.0, ,0.0,-1.0,-1.0, ,1.0,1.0,-1.0, ,1.0,1.0,-1.0, ,1.0,1.0,-1.0, ,1.0,1.0,-1.0
1.4, ,4,1.0,1.0,-1.0, ,1.0,1.0,-1.0, ,1.0,1.0,-1.0, ,1.0,1.0,-1.0, ,0.0,-1.0,-1.0, ,1.0,1.0,-1.0, ,1.0,1.0,-1.0
1.4, ,5,0.0,-1.0,-1.0, ,0.0,-1.0,-1.0, ,0.0,-1.0,-1.0, ,0.0,-1.0,-1.0, ,1.0,1.0,-1.0, ,1.0,1.0,-1.0, ,1.0,1.0,-1.0
Average:            , , ,-0.23,-0.2,-0.26, ,0.52,0.52,0.52, ,0.48,0.4897959183673469,0.5, ,0.48,0.5853658536585366,0.66, ,0.46,0.5,0.54, ,0.56,0.5384615384615384,0.52, ,0.56,0.6363636363636364,0.68
Standard Deviation: , , ,0.8468175718535841,0.8366600265340757,0.82, ,0.4995998398718719,0.4995998398718719,0.49959983987187184, ,0.49959983987187184,0.499895865874118,0.5, ,0.49959983987187184,0.49265877748107695,0.4737087712930804, ,0.49839743177508455,0.5,0.49839743177508455, ,0.4963869458396342,0.4985185152621431,0.49959983987187184, ,0.4963869458396342,0.4810456929208347,0.46647615158762407
-,-,-,-,-,-,-,-,-,-,-,-,-,-,-,-,-,-,-,-,-,-
